{"epoch": 1, "loss": 3.014929938700891, "_timestamp": 1715209269.4375663, "_runtime": 23.71458625793457, "_step": 0, "_wandb": {"runtime": 21}}