{"epoch": 1, "loss": 3.0596040025834115, "_timestamp": 1715209210.2737396, "_runtime": 22.85757064819336, "_step": 0, "_wandb": {"runtime": 49}}