{"epoch": 1, "loss": 3.453302087322358, "_timestamp": 1715208464.6132, "_runtime": 34.97573494911194, "_step": 0, "_wandb": {"runtime": 109}}