{"epoch": 111, "loss": 3.8070204331702793, "_timestamp": 1715208432.643252, "_runtime": 1409.1972019672394, "_step": 110}