{"Batch Loss": 0.035719726234674454, "_timestamp": 1715292689.640115, "_runtime": 3602.37654709816, "_step": 41, "Epoch Train Loss": 0.04463873952627182, "Epoch Validation Loss": 0.033504027873277664, "_wandb": {"runtime": 4150}}