{"Batch Loss": 0.029738744720816612, "_timestamp": 1715288708.8082006, "_runtime": 1411.7339487075806, "_step": 11, "Epoch Train Loss": 0.2587845830246806, "_wandb": {"runtime": 1395}}