{"epoch": 9, "loss": 3.285792152727804, "_timestamp": 1715208719.6021807, "_runtime": 171.7907476425171, "_step": 9, "Validation loss": 3.2565549727409118, "_wandb": {"runtime": 185}}