{"epoch": 200, "loss": 2.3232578731352285, "_timestamp": 1715210725.5859282, "_runtime": 1374.0234820842743, "_step": 219, "Validation loss": 2.6004163680538053}