{"epoch": 40, "loss": 3.2881848466011787, "_timestamp": 1715209754.2240946, "_runtime": 1003.0565395355225, "_step": 43, "Validation loss": 3.249515241192233}