{"epoch": 1, "loss": 3.6442820891257255, "_timestamp": 1715208291.7890892, "_runtime": 54.95401310920715, "_step": 0, "_wandb": {"runtime": 57}}