{"epoch": 1, "loss": 3.101094795811561, "_timestamp": 1715209132.4836278, "_runtime": 22.498432874679565, "_step": 0, "_wandb": {"runtime": 20}}